[
  {
    "id": 1,
    "text": "What is 2 + 2?",
    "category": "simple_arithmetic",
    "predicted_rho": 60,
    "rho": 53.763440860215056,
    "H_data": 24000000000.0,
    "C_model": 446400000.0,
    "H_per_token": 45.333333333333336,
    "effective_H_per_token": 2.4,
    "num_tokens": 6,
    "estimated_training_tokens": 10000000000,
    "domain_factor": 37.77777777777778,
    "entropy_info": {
      "original_bytes": 14,
      "compressed_bytes": 34,
      "compression_ratio": 2.4285714285714284,
      "entropy_bits_per_byte": 19.428571428571427
    },
    "success": true,
    "error": null,
    "kappa": 0.060108488583050124,
    "kappa_NPR": 0.0,
    "kappa_LLD": 0.1502712214576253,
    "kappa_LLD_raw": 4.164438247680664,
    "NPR": 1.0,
    "embedding_dim": 768,
    "w1": 0.6,
    "w2": 0.4
  },
  {
    "id": 2,
    "text": "What is the capital of France?",
    "category": "common_knowledge",
    "predicted_rho": 70,
    "rho": 53.763440860215056,
    "H_data": 24000000000.0,
    "C_model": 446400000.0,
    "H_per_token": 57.142857142857146,
    "effective_H_per_token": 2.4,
    "num_tokens": 7,
    "estimated_training_tokens": 10000000000,
    "domain_factor": 47.61904761904762,
    "entropy_info": {
      "original_bytes": 30,
      "compressed_bytes": 50,
      "compression_ratio": 1.6666666666666667,
      "entropy_bits_per_byte": 13.333333333333334
    },
    "success": true,
    "error": null,
    "kappa": 0.11156642201988774,
    "kappa_NPR": 0.0,
    "kappa_LLD": 0.27891605504971934,
    "kappa_LLD_raw": 7.729548454284668,
    "NPR": 1.0,
    "embedding_dim": 768,
    "w1": 0.6,
    "w2": 0.4
  },
  {
    "id": 3,
    "text": "Explain how neural networks learn through backpropagation.",
    "category": "technical_explanation",
    "predicted_rho": 180,
    "rho": 53.763440860215056,
    "H_data": 24000000000.0,
    "C_model": 446400000.0,
    "H_per_token": 50.666666666666664,
    "effective_H_per_token": 2.4,
    "num_tokens": 12,
    "estimated_training_tokens": 10000000000,
    "domain_factor": 42.22222222222222,
    "entropy_info": {
      "original_bytes": 58,
      "compressed_bytes": 76,
      "compression_ratio": 1.3103448275862069,
      "entropy_bits_per_byte": 10.482758620689655
    },
    "success": true,
    "error": null,
    "kappa": 0.10213151753493643,
    "kappa_NPR": 0.0,
    "kappa_LLD": 0.2553287938373411,
    "kappa_LLD_raw": 7.075879096984863,
    "NPR": 1.0,
    "embedding_dim": 768,
    "w1": 0.6,
    "w2": 0.4
  },
  {
    "id": 4,
    "text": "What are the implications of quantum decoherence for the many-worlds interpretation of quantum mechanics?",
    "category": "complex_theoretical",
    "predicted_rho": 280,
    "rho": 53.763440860215056,
    "H_data": 24000000000.0,
    "C_model": 446400000.0,
    "H_per_token": 39.2,
    "effective_H_per_token": 2.4,
    "num_tokens": 20,
    "estimated_training_tokens": 10000000000,
    "domain_factor": 32.66666666666667,
    "entropy_info": {
      "original_bytes": 105,
      "compressed_bytes": 98,
      "compression_ratio": 0.9333333333333333,
      "entropy_bits_per_byte": 7.466666666666667
    },
    "success": true,
    "error": null,
    "kappa": 0.10617911856611278,
    "kappa_NPR": 0.0,
    "kappa_LLD": 0.26544779641528193,
    "kappa_LLD_raw": 7.356305122375488,
    "NPR": 1.0,
    "embedding_dim": 768,
    "w1": 0.6,
    "w2": 0.4
  },
  {
    "id": 5,
    "text": "Who won the 2024 Nobel Prize in Literature?",
    "category": "temporal_knowledge",
    "predicted_rho": 95,
    "rho": 53.763440860215056,
    "H_data": 24000000000.0,
    "C_model": 446400000.0,
    "H_per_token": 56.0,
    "effective_H_per_token": 2.4,
    "num_tokens": 9,
    "estimated_training_tokens": 10000000000,
    "domain_factor": 46.66666666666667,
    "entropy_info": {
      "original_bytes": 43,
      "compressed_bytes": 63,
      "compression_ratio": 1.4651162790697674,
      "entropy_bits_per_byte": 11.720930232558139
    },
    "success": true,
    "error": null,
    "kappa": 0.37389114366997184,
    "kappa_NPR": 0.0,
    "kappa_LLD": 0.9347278591749295,
    "kappa_LLD_raw": 25.90393829345703,
    "NPR": 1.0,
    "embedding_dim": 768,
    "w1": 0.6,
    "w2": 0.4
  }
]