[
  {
    "id": 1,
    "text": "What is 2 + 2?",
    "category": "simple_arithmetic",
    "predicted_rho": 60,
    "rho": 53.763440860215056,
    "H_data": 24000000000.0,
    "C_model": 446400000.0,
    "H_per_token": 45.333333333333336,
    "effective_H_per_token": 2.4,
    "num_tokens": 6,
    "estimated_training_tokens": 10000000000,
    "domain_factor": 37.77777777777778,
    "entropy_info": {
      "original_bytes": 14,
      "compressed_bytes": 34,
      "compression_ratio": 2.4285714285714284,
      "entropy_bits_per_byte": 19.428571428571427
    },
    "success": true,
    "error": null,
    "kappa": 0.060108488583050124,
    "kappa_NPR": 0.0,
    "kappa_LLD": 0.1502712214576253,
    "kappa_LLD_raw": 4.164438247680664,
    "NPR": 1.0,
    "embedding_dim": 768,
    "w1": 0.6,
    "w2": 0.4,
    "h": 0.6,
    "h_method": "ground_truth",
    "responses": [
      "2 + 2 + 2 + 3 + 4 + 5 = 2 + 4 + 4 + 5\n\n1 + 1 + 1 + 1 + 1 + 1 + 1 + 1 + 1 + 1 + 1 + 1 + 1 + 1",
      "In addition to being more powerful than most ships, it is also capable of reaching huge amounts of space, as well as a massive amount of it. This is why you need to invest in ships like a Falcon or a Titan.\n\nThe Falcon",
      "2 1 - 2 2 = 3\n\n3 1 - 2 2 = 4\n\n4 1 - 2 2 = 5\n\n6 1 - 2 2 = 6\n\n7 1 - 2 2 = 7\n\n8 1 -",
      "The reason the word 2 implies more than 1 is because it is often used to describe the same act. For example, \"I love you\" (2) and \"I want to kiss you\" (1) are often used simultaneously to",
      "How many times have you heard the phrase \"What is 2 + 2?\" and \"What is 2 + 2?\"? I guess you could even say \"What is 3 = 3?\"\n\nHow many people have talked about the \"What"
    ],
    "h_scores": [
      0,
      1,
      0,
      1,
      1
    ]
  },
  {
    "id": 2,
    "text": "What is the capital of France?",
    "category": "common_knowledge",
    "predicted_rho": 70,
    "rho": 53.763440860215056,
    "H_data": 24000000000.0,
    "C_model": 446400000.0,
    "H_per_token": 57.142857142857146,
    "effective_H_per_token": 2.4,
    "num_tokens": 7,
    "estimated_training_tokens": 10000000000,
    "domain_factor": 47.61904761904762,
    "entropy_info": {
      "original_bytes": 30,
      "compressed_bytes": 50,
      "compression_ratio": 1.6666666666666667,
      "entropy_bits_per_byte": 13.333333333333334
    },
    "success": true,
    "error": null,
    "kappa": 0.11156642201988774,
    "kappa_NPR": 0.0,
    "kappa_LLD": 0.27891605504971934,
    "kappa_LLD_raw": 7.729548454284668,
    "NPR": 1.0,
    "embedding_dim": 768,
    "w1": 0.6,
    "w2": 0.4,
    "h": 0.6,
    "h_method": "ground_truth",
    "responses": [
      "France is a vast island nation of over 3.8 billion people. It has a GDP of 15.7 trillion euros. This is the largest economy in Europe in terms of GDP, and is very much larger than Switzerland, Germany, and",
      "A: That's a question we're looking at. The French government says they're not yet ready to put their capital out of the euro by default, but they clearly need to make sure that the country is in a position to pay its",
      "France is known as the world's capital as well as its largest city, Paris.\n\nWhat are the main European markets?\n\nAustria, Germany, the Netherlands, France, Italy, Spain and Italy share the capital, while",
      "The capital of France is Paris. In the French capital there is no capital other than Paris. The capital of France is Paris. And it is the capital of France which is the capital of the whole world.\n\nDoes this mean that",
      "The government is in a position of power. The most important question facing the country is whether the country can maintain an economic growth rate below 8 percent. This is the single largest deficit that France has to meet. If there is to be a"
    ],
    "h_scores": [
      1,
      1,
      0,
      0,
      1
    ]
  },
  {
    "id": 3,
    "text": "Explain how neural networks learn through backpropagation.",
    "category": "technical_explanation",
    "predicted_rho": 180,
    "rho": 53.763440860215056,
    "H_data": 24000000000.0,
    "C_model": 446400000.0,
    "H_per_token": 50.666666666666664,
    "effective_H_per_token": 2.4,
    "num_tokens": 12,
    "estimated_training_tokens": 10000000000,
    "domain_factor": 42.22222222222222,
    "entropy_info": {
      "original_bytes": 58,
      "compressed_bytes": 76,
      "compression_ratio": 1.3103448275862069,
      "entropy_bits_per_byte": 10.482758620689655
    },
    "success": true,
    "error": null,
    "kappa": 0.10213151753493643,
    "kappa_NPR": 0.0,
    "kappa_LLD": 0.2553287938373411,
    "kappa_LLD_raw": 7.075879096984863,
    "NPR": 1.0,
    "embedding_dim": 768,
    "w1": 0.6,
    "w2": 0.4,
    "h": 0.8,
    "h_method": "consistency",
    "responses": [
      "How to test a backpropagation model\n\nIf you're curious as to how backpropagation works, here's a quick way to get started. First, you'll need the code, and then you'll need to find",
      "Trying to teach you how to manipulate data by learning new things about you, you might be thinking:\n\nI'm not going to teach you how to manipulate data here. I am going to teach you how to write the program.",
      "The following are examples of neural network experiments in addition to the examples presented here:\n\nSolving a deep learning problem with 100,000 users.\n\nLearning about hidden objects.\n\nUnderstanding the neural network's behavior.",
      "This is just an exercise with a few practical applications.\n\nThe neural network\n\nThe network (NeuralNet) is the main implementation of neural networks, which are part of the human brain. The network can be trained to store a set",
      "If you take away that training process and then apply it to an object (such as a computer or a car) then it is possible to create more sophisticated training models, which are easier to learn and are less prone to fail."
    ],
    "consistency": 0.19999999999999996
  },
  {
    "id": 4,
    "text": "What are the implications of quantum decoherence for the many-worlds interpretation of quantum mechanics?",
    "category": "complex_theoretical",
    "predicted_rho": 280,
    "rho": 53.763440860215056,
    "H_data": 24000000000.0,
    "C_model": 446400000.0,
    "H_per_token": 39.2,
    "effective_H_per_token": 2.4,
    "num_tokens": 20,
    "estimated_training_tokens": 10000000000,
    "domain_factor": 32.66666666666667,
    "entropy_info": {
      "original_bytes": 105,
      "compressed_bytes": 98,
      "compression_ratio": 0.9333333333333333,
      "entropy_bits_per_byte": 7.466666666666667
    },
    "success": true,
    "error": null,
    "kappa": 0.10617911856611278,
    "kappa_NPR": 0.0,
    "kappa_LLD": 0.26544779641528193,
    "kappa_LLD_raw": 7.356305122375488,
    "NPR": 1.0,
    "embedding_dim": 768,
    "w1": 0.6,
    "w2": 0.4,
    "h": 0.8,
    "h_method": "consistency",
    "responses": [
      "Fernández: Quantum decoherence is a major issue in the theoretical framework of quantum mechanics. There are many questions, but the overarching question is whether there is a practical use of quantum decoherence in the development of general",
      "This has the potential to provide powerful new insights into how and why we perceive the world. The possibility of quantum decoherence may be useful for understanding the interplay of the states of our atoms and molecules, in particular the quantum interactions that",
      "Quantum decoherence is a fundamental feature of quantum mechanics. One of the major problems with quantum mechanics is the problem of how to account for the interactions of physical objects in the universe.\n\nThis is especially true if quantum mechanics is",
      "Quantum decoherence is a measure of how much energy a physical system can hold in the form of matter.\n\nImagine that the physical world consists of the following:\n\n2 × 10 – the sum of the number of photons",
      "We're trying to find out. If we want to make a prediction about what we'll observe over time, then we can use classical mechanics to build our own theories (I.e., there are certain assumptions, for example, that are"
    ],
    "consistency": 0.19999999999999996
  },
  {
    "id": 5,
    "text": "Who won the 2024 Nobel Prize in Literature?",
    "category": "temporal_knowledge",
    "predicted_rho": 95,
    "rho": 53.763440860215056,
    "H_data": 24000000000.0,
    "C_model": 446400000.0,
    "H_per_token": 56.0,
    "effective_H_per_token": 2.4,
    "num_tokens": 9,
    "estimated_training_tokens": 10000000000,
    "domain_factor": 46.66666666666667,
    "entropy_info": {
      "original_bytes": 43,
      "compressed_bytes": 63,
      "compression_ratio": 1.4651162790697674,
      "entropy_bits_per_byte": 11.720930232558139
    },
    "success": true,
    "error": null,
    "kappa": 0.37389114366997184,
    "kappa_NPR": 0.0,
    "kappa_LLD": 0.9347278591749295,
    "kappa_LLD_raw": 25.90393829345703,
    "NPR": 1.0,
    "embedding_dim": 768,
    "w1": 0.6,
    "w2": 0.4,
    "h": 1.0,
    "h_method": "ground_truth",
    "responses": [
      "Hank Pritzker\n\nThe Nobel Prize in Literature is awarded to a person for producing a work of fiction or poetry. The prize is considered most prestigious by its community as it is given to a person who has worked at a high",
      "The Nobel Prize in Science in 2009 was awarded to Alexander Gerlach for the work that he did in the early 1980s. But that prize, which has traditionally been given to students who have written a novel which has won a Nobel Prize",
      "Well that's up to the winners. And then, of course, there's the problem of where exactly the Nobel Prize is given.\n\nAnd that's an important point. If Nobel prizes are given by a man whose family has won the world",
      "Well, no. It's not enough to be just a winner in science. You need to be a winner in the humanities. And if you're a humanities professor in a research university, as I'm sure there are, then that's what your",
      "José Mourinho.\n\nI'm not sure I have an answer for you. I've heard that he's not in the final stages of his presidential run: He's been out of the race for more than a year, apparently"
    ],
    "h_scores": [
      1,
      1,
      1,
      1,
      1
    ]
  }
]